employee_id,first_name,last_name,gender,job_title,job_category,level,department,hire_date,fte,base_monthly_gross,variable_pay_annual,language
SYN-1001,Pieter,Bogaerts,M,Warehouse operator (m/f/x),Warehouse operator,2,Warehouse,2019-10-07,1.0,3065,0,NL
SYN-1002,Liesbeth,Smets,F,Customer service agent (m/f/x),Customer service agent,2,Customer service,2022-02-25,0.5,1445,0,NL
SYN-1003,Dirk,Verhoeven,M,Transport planner,Transport planner,3,Transport,2014-05-31,1.0,3795,0,NL
SYN-1004,Sander,Willems,M,Finance and payroll officer,Finance and payroll officer,3,Finance and HR,2018-03-10,1.0,3730,0,NL
SYN-1005,Laurent,Martin,M,Heftruckchauffeur,Forklift and reach-truck driver,2,Warehouse,2010-08-16,1.0,3350,0,FR
SYN-1006,Youssef,Benali,M,Account manager,Account manager,4,Sales,2015-05-05,1.0,4330,6500,EN
SYN-1007,Yasmina,Bouzid,F,Account manager,Account manager,4,Sales,2023-03-29,1.0,4195,6250,FR
SYN-1008,Sien,Mertens,F,Administrative assistant,Administrative assistant,2,Finance and HR,2021-07-18,0.8,2250,0,NL
SYN-1009,Ruth,Cools,F,Account manager,Account manager,4,Sales,2024-09-13,1.0,3900,5850,NL
SYN-1010,Thomas,Janssens,M,Account manager,Account manager,4,Sales,2018-01-27,1.0,4250,6800,NL
SYN-1011,Aurélie,Simon,F,Customer service agent (m/f/x),Customer service agent,2,Customer service,2016-02-08,0.5,1605,0,FR
SYN-1012,Sofie,Martens,F,Customer service agent (m/f/x),Customer service agent,2,Customer service,2022-10-25,0.8,2325,0,NL
SYN-1013,Laurent,Dumont,M,Warehouse operator (m/f/x),Warehouse operator,2,Warehouse,2025-01-21,1.0,2905,0,FR
SYN-1014,Glenn,Peeters,M,Teamleader magazijn,Warehouse team lead,3,Warehouse,2017-07-15,1.0,3735,1700,NL
SYN-1015,Dirk,Van den Broeck,M,Warehouse operator (m/f/x),Warehouse operator,2,Warehouse,2011-09-20,1.0,3250,0,NL
SYN-1016,Kristof,Martens,M,Maintenance technician,Maintenance technician,3,Technical services,2016-04-19,1.0,3695,0,NL
SYN-1017,Ayşe,Kaya,F,Warehouse operator (m/f/x),Warehouse operator,1,Warehouse,2011-09-07,0.8,2320,0,FR
SYN-1018,Sébastien,Simon,M,Forklift driver (m/f/x),Forklift and reach-truck driver,2,Warehouse,2011-12-08,1.0,3350,0,FR
SYN-1019,Bart,Aerts,M,Warehouse operator (m/f/x),Warehouse operator,1,Warehouse,2023-05-31,1.0,2625,0,NL
SYN-1020,Tine,Segers,F,Warehouse operator (m/f/x),Warehouse operator,1,Warehouse,2025-07-22,1.0,2500,0,NL
SYN-1021,Chloé,Simon,F,Secretaresse,Administrative assistant,2,Finance and HR,2015-12-27,1.0,3115,0,FR
SYN-1022,Julie,Goossens,F,Transport planner,Transport planner,2,Transport,2025-04-20,1.0,3025,0,NL
SYN-1023,François,Collard,M,Teamleader magazijn,Warehouse team lead,3,Warehouse,2021-04-14,1.0,3610,1550,FR
SYN-1024,Marieke,Stevens,F,Forklift driver (m/f/x),Forklift and reach-truck driver,2,Warehouse,2021-12-23,1.0,3060,0,NL
SYN-1025,Sébastien,Mathieu,M,Magazijnier,Warehouse operator,1,Warehouse,2016-10-01,1.0,2890,0,FR
SYN-1026,Geert,Bogaerts,M,Warehouse team lead,Warehouse team lead,3,Warehouse,2014-09-19,1.0,3910,2050,NL
SYN-1027,Veerle,Verhoeven,F,Quality and safety coordinator,Quality and safety coordinator,4,QHSE,2022-07-05,1.0,3945,2150,NL
SYN-1028,Maarten,Stevens,M,Magazijnier,Warehouse operator,2,Warehouse,2025-12-20,1.0,2795,0,NL
SYN-1029,Robin,Michiels,X,Warehouse operator (m/f/x),Warehouse operator,1,Warehouse,2020-05-19,0.5,1390,0,NL
SYN-1030,Agnieszka,Kowalska,F,Warehouse operator (m/f/x),Warehouse operator,1,Warehouse,2025-09-09,1.0,2450,0,EN
SYN-1031,Hanne,Pauwels,F,Maintenance technician,Maintenance technician,3,Technical services,2023-09-04,1.0,3245,0,NL
SYN-1032,Pauline,Renard,F,Forklift driver (m/f/x),Forklift and reach-truck driver,2,Warehouse,2015-02-11,1.0,3295,0,FR
SYN-1033,Ruth,Segers,F,Secrétaire de direction,Administrative assistant,2,Finance and HR,2023-06-11,1.0,2875,0,NL
SYN-1034,Stijn,Bogaerts,M,Teamleader magazijn,Warehouse team lead,3,Warehouse,2016-12-16,1.0,3785,2050,NL
SYN-1035,Geert,Vermeulen,M,Forklift driver (m/f/x),Forklift and reach-truck driver,2,Warehouse,2024-07-23,1.0,2940,0,NL
SYN-1036,Jens,Verstraeten,M,Warehouse operator (m/f/x),Warehouse operator,1,Warehouse,2024-09-10,1.0,2450,0,NL
SYN-1037,Bram,Wouters,M,Warehouse operator (m/f/x),Warehouse operator,1,Warehouse,2023-02-23,1.0,2685,0,NL
SYN-1038,Karim,Benali,M,Warehouse operator (m/f/x),Warehouse operator,2,Warehouse,2020-12-23,1.0,3010,0,EN
SYN-1039,Isabelle,Dupont,F,Finance and payroll officer,Finance and payroll officer,3,Finance and HR,2020-10-25,0.8,2910,0,FR
SYN-1040,Bram,Van Dyck,M,Transport planner,Transport planner,3,Transport,2017-09-20,1.0,3680,0,NL
SYN-1041,Koen,Vermeulen,M,Warehouse operator (m/f/x),Warehouse operator,1,Warehouse,2017-02-22,1.0,2890,0,NL
SYN-1042,Nicolas,Delvaux,M,Forklift driver (m/f/x),Forklift and reach-truck driver,2,Warehouse,2020-01-04,1.0,3205,0,FR
SYN-1043,Nathalie,Wouters,F,Finance and payroll officer,Finance and payroll officer,3,Finance and HR,2015-05-11,1.0,3770,0,NL
SYN-1044,Agnieszka,Nowak,F,Transport planner,Transport planner,3,Transport,2020-02-04,1.0,3585,0,EN
SYN-1045,Wouter,Mertens,M,Warehouse operator (m/f/x),Warehouse operator,1,Warehouse,2012-03-23,1.0,2900,0,NL
SYN-1046,Joris,Vandenberghe,M,Forklift driver (m/f/x),Forklift and reach-truck driver,2,Warehouse,2016-02-16,1.0,3210,0,NL
SYN-1047,Nathalie,Martens,F,Warehouse operator (m/f/x),Warehouse operator,1,Warehouse,2021-07-21,1.0,2670,0,NL
SYN-1048,Thomas,Jacobs,M,Account manager,Account manager,4,Sales,2022-03-10,1.0,3985,5750,NL
SYN-1049,Eva,Michiels,F,Warehouse operator (m/f/x),Warehouse operator,2,Warehouse,2018-09-07,1.0,3120,0,NL
SYN-1050,Bilal,Haddouchi,M,Warehouse operator (m/f/x),Warehouse operator,1,Warehouse,2022-02-10,1.0,2605,0,FR
SYN-1051,Nathalie,Bogaerts,F,Transportplanner,Transport planner,2,Transport,2022-11-26,1.0,3165,0,NL
SYN-1052,Sébastien,Dupont,M,Magazijnier,Warehouse operator,1,Warehouse,2022-09-30,1.0,2610,0,FR
SYN-1053,Eva,Janssens,F,Warehouse operator (m/f/x),Warehouse operator,1,Warehouse,2020-07-02,1.0,2740,0,NL
SYN-1054,Leen,Jacobs,F,IT and data specialist,IT and data specialist,4,IT,2023-08-30,1.0,4130,2600,NL
SYN-1055,Tom,Stevens,M,Quality and safety coordinator,Quality and safety coordinator,4,QHSE,2020-07-14,1.0,4065,2250,NL
SYN-1056,Nicolas,Martin,M,Account manager,Account manager,4,Sales,2017-08-19,1.0,4325,5800,FR
SYN-1057,Céline,Lejeune,F,Customer service agent (m/f/x),Customer service agent,2,Customer service,2023-08-04,1.0,2770,0,FR
SYN-1058,Steven,Coppens,M,Transportplanner,Transport planner,3,Transport,2015-07-08,1.0,3750,0,NL
SYN-1059,Tom,Willems,M,Heftruckchauffeur,Forklift and reach-truck driver,2,Warehouse,2025-08-29,1.0,2835,0,NL
SYN-1060,Kim,Vermeulen,F,Warehouse operator (m/f/x),Warehouse operator,1,Warehouse,2015-05-02,0.5,1445,0,NL
SYN-1061,Maxime,Renard,M,Warehouse operator (m/f/x),Warehouse operator,1,Warehouse,2012-03-24,1.0,2900,0,FR
SYN-1062,Samira,El Amrani,F,Customer service agent (m/f/x),Customer service agent,2,Customer service,2018-10-05,0.8,2435,0,NL
SYN-1063,Wim,De Smet,M,Customer service agent (m/f/x),Customer service agent,2,Customer service,2019-07-31,1.0,3050,0,NL
SYN-1064,Kristof,Aerts,M,IT and data specialist,IT and data specialist,4,IT,2021-01-19,1.0,4195,2850,NL
SYN-1065,Dirk,De Backer,M,Customer service agent (m/f/x),Customer service agent,2,Customer service,2022-10-08,1.0,2820,0,NL
SYN-1066,Yannick,Hermans,M,Warehouse operator (m/f/x),Warehouse operator,2,Warehouse,2022-08-12,1.0,2915,0,NL
SYN-1067,Fatima,Benali,F,Secretaresse,Administrative assistant,2,Finance and HR,2010-08-01,1.0,3200,0,NL
SYN-1068,Geert,Janssens,M,Maintenance technician,Maintenance technician,3,Technical services,2009-09-03,1.0,3900,0,NL
SYN-1069,Ruben,Hermans,M,Magazijnier,Warehouse operator,2,Warehouse,2025-04-19,1.0,2810,0,NL
SYN-1070,Tim,Jacobs,M,Department manager,Department manager,5,Management,2020-07-12,1.0,5290,9550,NL
SYN-1071,Luc,Willems,M,Finance and payroll officer,Finance and payroll officer,3,Finance and HR,2017-04-01,1.0,3720,0,NL
SYN-1072,Kim,Mertens,F,Customer service agent (m/f/x),Customer service agent,2,Customer service,2025-04-17,1.0,2805,0,NL
SYN-1073,Laetitia,Dubois,F,Warehouse operator (m/f/x),Warehouse operator,1,Warehouse,2024-12-26,1.0,2545,0,FR
SYN-1074,Nadia,Benali,F,Customer service agent (m/f/x),Customer service agent,2,Customer service,2022-06-04,0.8,2285,0,EN
SYN-1075,Aurélie,Mathieu,F,Warehouse operator (m/f/x),Warehouse operator,1,Warehouse,2026-02-16,1.0,2500,0,FR
SYN-1076,Piotr,Kowalski,M,Transportplanner,Transport planner,3,Transport,2018-09-03,1.0,3645,0,EN
SYN-1077,Piotr,Nowak,M,Transportplanner,Transport planner,3,Transport,2019-10-23,1.0,3565,0,EN
SYN-1078,Sien,Smets,F,Teamleader magazijn,Warehouse team lead,3,Warehouse,2015-09-03,1.0,3480,1550,NL
SYN-1079,Ayşe,Demir,F,Secretaresse,Administrative assistant,2,Finance and HR,2017-07-13,0.8,2425,0,FR
SYN-1080,Jan,Peeters,M,IT and data specialist,IT and data specialist,4,IT,2020-04-04,1.0,4295,2750,NL
SYN-1081,Griet,Bogaerts,F,Warehouse operator (m/f/x),Warehouse operator,1,Warehouse,2020-05-31,1.0,2725,0,NL
SYN-1082,Julien,Dupont,M,Magazijnier,Warehouse operator,2,Warehouse,2021-05-04,1.0,3045,0,FR
SYN-1083,Nadia,El Amrani,F,Warehouse operator (m/f/x),Warehouse operator,1,Warehouse,2023-02-13,1.0,2620,0,NL
SYN-1084,Cédric,Gilson,M,Magazijnier,Warehouse operator,1,Warehouse,2017-03-06,1.0,2890,0,FR
SYN-1085,Glenn,Van Damme,M,Warehouse operator (m/f/x),Warehouse operator,1,Warehouse,2020-09-23,1.0,2735,0,NL
SYN-1086,Thibault,Renard,M,Department manager,Department manager,5,Management,2015-07-20,1.0,5560,11500,FR
SYN-1087,Pieter,Thys,M,Department manager,Department manager,5,Management,2014-06-09,1.0,5515,9500,NL
SYN-1088,Wim,Thys,M,Warehouse operator (m/f/x),Warehouse operator,1,Warehouse,2013-09-23,1.0,2900,0,NL
SYN-1089,Bilal,El Amrani,M,Warehouse operator (m/f/x),Warehouse operator,1,Warehouse,2019-07-23,1.0,2800,0,NL
SYN-1090,Valérie,Gilson,F,Warehouse operator (m/f/x),Warehouse operator,2,Warehouse,2020-09-25,1.0,3000,0,FR
SYN-1091,Thomas,Lambrechts,M,Warehouse operator (m/f/x),Warehouse operator,1,Warehouse,2018-07-16,1.0,2770,0,NL
SYN-1092,Olivier,Renard,M,Magazijnier,Warehouse operator,1,Warehouse,2022-06-03,1.0,2605,0,FR
SYN-1093,Antoine,Dubois,M,Warehouse operator (m/f/x),Warehouse operator,1,Warehouse,2015-12-20,1.0,2900,0,FR
SYN-1094,Ruben,Cools,M,Warehouse operator (m/f/x),Warehouse operator,2,Warehouse,2023-04-18,1.0,2965,0,NL
SYN-1095,Anke,Cools,F,Warehouse team lead,Warehouse team lead,3,Warehouse,2012-11-15,1.0,3600,1800,NL
SYN-1096,Benoît,Legrand,M,Warehouse operator (m/f/x),Warehouse operator,1,Warehouse,2023-08-19,1.0,2575,0,FR
SYN-1097,Olivier,Simon,M,Warehouse operator (m/f/x),Warehouse operator,1,Warehouse,2011-04-16,1.0,2900,0,FR
SYN-1098,Dirk,Aerts,M,Warehouse operator (m/f/x),Warehouse operator,2,Warehouse,2012-07-04,0.8,2600,0,NL
SYN-1099,Kim,De Smet,F,Customer service agent (m/f/x),Customer service agent,2,Customer service,2021-11-21,1.0,2955,0,NL
SYN-1100,Julie,Jacobs,F,Department manager,Department manager,5,Management,2015-09-26,1.0,5590,11350,NL
SYN-1101,Annelies,Willems,F,Warehouse operator (m/f/x),Warehouse operator,2,Warehouse,2012-04-12,1.0,3250,0,NL
SYN-1102,Eva,Lambrechts,F,Teamleader magazijn,Warehouse team lead,3,Warehouse,2020-01-31,1.0,3335,1800,NL
SYN-1103,Leen,Verhoeven,F,Warehouse operator (m/f/x),Warehouse operator,2,Warehouse,2023-02-26,1.0,2895,0,NL
SYN-1104,Cédric,Martin,M,Warehouse team lead,Warehouse team lead,3,Warehouse,2019-09-26,1.0,3660,1850,FR
SYN-1105,Filip,Vandenberghe,M,Warehouse operator (m/f/x),Warehouse operator,1,Warehouse,2017-11-27,1.0,2795,0,NL
SYN-1106,Dirk,De Smet,M,Heftruckchauffeur,Forklift and reach-truck driver,2,Warehouse,2024-09-07,1.0,2880,0,NL
SYN-1107,Griet,Van Hoof,F,Transportplanner,Transport planner,3,Transport,2021-01-19,1.0,3520,0,NL
SYN-1108,Maxime,Dubois,M,Customer service agent (m/f/x),Customer service agent,2,Customer service,2019-03-25,1.0,3060,0,FR
SYN-1109,Manon,Martin,F,Finance and payroll officer,Finance and payroll officer,3,Finance and HR,2018-08-07,1.0,3645,0,FR
SYN-1110,Wouter,Van den Broeck,M,Forklift driver (m/f/x),Forklift and reach-truck driver,2,Warehouse,2012-01-28,1.0,3350,0,NL
SYN-1111,Stijn,Segers,M,Forklift driver (m/f/x),Forklift and reach-truck driver,2,Warehouse,2024-08-04,1.0,2950,0,NL
SYN-1112,Annelies,Janssens,F,Account manager,Account manager,4,Sales,2023-05-26,1.0,4065,5300,NL
SYN-1113,Eva,Bogaerts,F,Customer service agent (m/f/x),Customer service agent,2,Customer service,2016-07-27,1.0,3070,0,NL
SYN-1114,Jan,Wouters,M,IT and data specialist,IT and data specialist,4,IT,2022-02-11,1.0,4225,2450,NL
SYN-1115,Sophie,Legrand,F,Transport planner,Transport planner,2,Transport,2024-01-16,1.0,3095,0,FR
SYN-1116,Samira,Haddouchi,F,Warehouse operator (m/f/x),Warehouse operator,1,Warehouse,2024-11-03,1.0,2505,0,FR
SYN-1117,Dries,Van Hoof,M,Forklift driver (m/f/x),Forklift and reach-truck driver,2,Warehouse,2009-01-06,1.0,3350,0,NL
SYN-1118,Dries,Verhoeven,M,Account manager,Account manager,4,Sales,2017-10-24,1.0,4285,5550,NL
SYN-1119,Koen,Mertens,M,Transport planner,Transport planner,3,Transport,2020-11-22,1.0,3535,0,NL
SYN-1120,Laurent,Renard,M,Maintenance technician,Maintenance technician,3,Technical services,2006-10-10,1.0,3900,0,FR
SYN-1121,Geert,Willems,M,Magazijnier,Warehouse operator,2,Warehouse,2018-05-30,1.0,3125,0,NL
SYN-1122,Yasmina,Benali,F,Finance and payroll officer,Finance and payroll officer,3,Finance and HR,2022-11-01,1.0,3420,0,EN
SYN-1123,Eva,Van den Broeck,F,Department manager,Department manager,5,Management,2022-12-26,1.0,5025,9700,NL
SYN-1124,Tom,Lambrechts,M,Magazijnier,Warehouse operator,1,Warehouse,2021-05-13,1.0,2695,0,NL
SYN-1125,Thomas,Maes,M,Magazijnier,Warehouse operator,2,Warehouse,2016-07-21,1.0,3170,0,NL
SYN-1126,Sander,Michiels,M,Heftruckchauffeur,Forklift and reach-truck driver,2,Warehouse,2018-09-02,1.0,3225,0,NL
SYN-1127,Ellen,Janssens,F,Warehouse operator (m/f/x),Warehouse operator,2,Warehouse,2024-04-27,0.5,1400,0,NL
SYN-1128,Karim,Haddouchi,M,Maintenance technician,Maintenance technician,3,Technical services,2015-08-24,1.0,3675,0,NL
SYN-1129,Stijn,Martens,M,Heftruckchauffeur,Forklift and reach-truck driver,2,Warehouse,2010-02-10,1.0,3350,0,NL
SYN-1130,Jonas,Van Dyck,M,Warehouse operator (m/f/x),Warehouse operator,1,Warehouse,2023-08-25,1.0,2650,0,NL
SYN-1131,Jef,Van Damme,M,Warehouse operator (m/f/x),Warehouse operator,1,Warehouse,2024-08-18,1.0,2465,0,NL
SYN-1132,Nick,Mertens,M,Maintenance technician,Maintenance technician,3,Technical services,2012-10-22,1.0,3800,0,NL
SYN-1133,Koen,Verhoeven,M,IT and data specialist,IT and data specialist,4,IT,2014-11-08,1.0,4500,2800,NL
SYN-1134,Maxime,Henrard,M,Transport planner,Transport planner,3,Transport,2016-08-30,1.0,3785,0,FR
SYN-1135,Wouter,Bogaerts,M,Teamleader magazijn,Warehouse team lead,3,Warehouse,2023-05-21,1.0,3485,1800,NL
SYN-1136,Benoît,Dumont,M,Transportplanner,Transport planner,2,Transport,2021-11-01,1.0,3160,0,FR
SYN-1137,Isabelle,Martin,F,Transport planner,Transport planner,2,Transport,2022-06-03,1.0,3230,0,FR
SYN-1138,Hanne,Stevens,F,Forklift driver (m/f/x),Forklift and reach-truck driver,2,Warehouse,2014-12-16,1.0,3345,0,NL
SYN-1139,Evelien,Segers,F,Warehouse operator (m/f/x),Warehouse operator,2,Warehouse,2025-01-23,1.0,2800,0,NL
SYN-1140,Jef,De Backer,M,Warehouse operator (m/f/x),Warehouse operator,2,Warehouse,2011-05-27,1.0,3250,0,NL
SYN-1141,Joris,Goossens,M,Maintenance technician,Maintenance technician,3,Technical services,2018-02-12,1.0,3545,0,NL
SYN-1142,Yannick,Mertens,M,IT and data specialist,IT and data specialist,4,IT,2022-11-14,1.0,4045,2450,NL
SYN-1143,Laurent,Henrard,M,Forklift driver (m/f/x),Forklift and reach-truck driver,2,Warehouse,2022-04-24,1.0,3020,0,FR
SYN-1144,Sofie,Jacobs,F,Warehouse operator (m/f/x),Warehouse operator,1,Warehouse,2013-08-10,0.8,2320,0,NL
SYN-1145,Luc,Verstraeten,M,Transport planner,Transport planner,2,Transport,2023-06-13,1.0,3190,0,NL
SYN-1146,Laetitia,Delvaux,F,Quality and safety coordinator,Quality and safety coordinator,4,QHSE,2017-08-05,1.0,4200,2150,FR
SYN-1147,Ayşe,Yilmaz,F,Warehouse operator (m/f/x),Warehouse operator,2,Warehouse,2013-10-27,1.0,3250,0,EN
SYN-1148,Aurélie,Martin,F,Transport planner,Transport planner,3,Transport,2018-12-19,1.0,3605,0,FR
SYN-1149,Geert,Lambrechts,M,Customer service agent (m/f/x),Customer service agent,2,Customer service,2024-05-12,1.0,2765,0,NL
SYN-1150,Bram,Mertens,M,Teamleader magazijn,Warehouse team lead,3,Warehouse,2012-02-07,1.0,3990,1850,NL
SYN-1151,Steven,De Smet,M,Teamleader magazijn,Warehouse team lead,3,Warehouse,2019-01-23,1.0,3750,1950,NL
SYN-1152,Nicolas,Henrard,M,Forklift driver (m/f/x),Forklift and reach-truck driver,2,Warehouse,2011-10-05,1.0,3350,0,FR
SYN-1153,Annelies,Segers,F,Warehouse operator (m/f/x),Warehouse operator,2,Warehouse,2013-01-16,1.0,3250,0,NL
SYN-1154,Filip,Lambrechts,M,Warehouse operator (m/f/x),Warehouse operator,1,Warehouse,2014-11-04,1.0,2900,0,NL
SYN-1155,Dirk,Peeters,M,Warehouse operator (m/f/x),Warehouse operator,2,Warehouse,2012-01-24,1.0,3250,0,NL
SYN-1156,Katrien,Verhoeven,F,Finance and payroll officer,Finance and payroll officer,3,Finance and HR,2023-03-06,1.0,3465,0,NL
SYN-1157,Eva,Wouters,F,Administrative assistant,Administrative assistant,2,Finance and HR,2017-11-16,1.0,3010,0,NL
SYN-1158,Maarten,Aerts,M,Magazijnier,Warehouse operator,1,Warehouse,2014-11-18,1.0,2890,0,NL
SYN-1159,Ruth,Janssens,F,Warehouse operator (m/f/x),Warehouse operator,1,Warehouse,2013-04-09,1.0,2900,0,NL
SYN-1160,Thomas,Segers,M,Warehouse operator (m/f/x),Warehouse operator,1,Warehouse,2016-09-04,1.0,2900,0,NL
SYN-1161,Sophie,Lejeune,F,Secretaresse,Administrative assistant,2,Finance and HR,2014-12-22,1.0,3200,0,FR
SYN-1162,Glenn,Lambrechts,M,Department manager,Department manager,5,Management,2019-11-29,1.0,5255,10300,NL
SYN-1163,Wim,Mertens,M,Finance and payroll officer,Finance and payroll officer,3,Finance and HR,2019-03-07,1.0,3670,0,NL
SYN-1164,Samira,Benali,F,Warehouse team lead,Warehouse team lead,3,Warehouse,2018-01-03,1.0,3365,1800,FR
SYN-1165,Geert,Van den Broeck,M,Forklift driver (m/f/x),Forklift and reach-truck driver,2,Warehouse,2019-08-11,1.0,3085,0,NL
SYN-1166,An,Mertens,F,Warehouse operator (m/f/x),Warehouse operator,2,Warehouse,2016-12-29,1.0,3095,0,NL
SYN-1167,Dirk,Janssens,M,Administrative assistant,Administrative assistant,2,Finance and HR,2020-05-16,1.0,2900,0,NL
SYN-1168,Antoine,Lejeune,M,Warehouse operator (m/f/x),Warehouse operator,2,Warehouse,2021-04-13,0.8,2420,0,FR
SYN-1169,Quentin,Lejeune,M,Heftruckchauffeur,Forklift and reach-truck driver,2,Warehouse,2017-12-27,1.0,3135,0,FR
SYN-1170,Leen,Janssens,F,Teamleader magazijn,Warehouse team lead,3,Warehouse,2024-08-17,1.0,3160,1350,NL
SYN-1171,Glenn,Stevens,M,Warehouse operator (m/f/x),Warehouse operator,2,Warehouse,2017-02-25,1.0,3185,0,NL
SYN-1172,Nele,Van den Broeck,F,Customer service agent (m/f/x),Customer service agent,2,Customer service,2024-08-18,0.8,2270,0,NL
SYN-1173,Elise,Cools,F,Warehouse team lead,Warehouse team lead,3,Warehouse,2022-02-01,1.0,3270,1500,NL
SYN-1174,Youssef,Bouzid,M,Forklift driver (m/f/x),Forklift and reach-truck driver,2,Warehouse,2020-05-29,1.0,3005,0,FR
SYN-1175,Noa,Cools,X,Warehouse operator (m/f/x),Warehouse operator,2,Warehouse,2013-01-11,1.0,3250,0,NL
SYN-1176,Olivier,Lejeune,M,Magazijnier,Warehouse operator,2,Warehouse,2023-02-23,1.0,2890,0,FR
SYN-1177,Wouter,Smets,M,Warehouse operator (m/f/x),Warehouse operator,2,Warehouse,2010-08-20,1.0,3250,0,NL
SYN-1178,Pieter,Aerts,M,Magazijnier,Warehouse operator,2,Warehouse,2020-11-02,1.0,3095,0,NL
SYN-1179,Mehdi,Bouzid,M,Maintenance technician,Maintenance technician,3,Technical services,2012-01-27,1.0,3885,0,FR
SYN-1180,Koen,Stevens,M,Warehouse operator (m/f/x),Warehouse operator,1,Warehouse,2017-10-13,1.0,2840,0,NL
